{
    "counter": {
        "ACTIVE": 1392,
        "INACTIVE": 0,
        "INVALID": 1,
        "MALICIOUS": 0,
        "SANE": 0,
        "VALID": 0,
        "total": 1393
    },
    "percentage": {
        "ACTIVE": 99.92821249102656,
        "INACTIVE": 0,
        "INVALID": 5.882352941176471,
        "MALICIOUS": 0,
        "SANE": 0,
        "VALID": 0,
        "total": 105.81056543220302
    }
}