{
    "counter": {
        "ACTIVE": 42683,
        "INACTIVE": 0,
        "INVALID": 15,
        "MALICIOUS": 0,
        "SANE": 0,
        "VALID": 0,
        "total": 42698
    },
    "percentage": {
        "ACTIVE": 99.96486954892501,
        "INACTIVE": 0,
        "INVALID": 0.03540909305509655,
        "MALICIOUS": 0,
        "SANE": 0,
        "VALID": 0,
        "total": 100.0002786419801
    }
}