{
    "counter": {
        "ACTIVE": 678,
        "INACTIVE": 1,
        "INVALID": 0,
        "MALICIOUS": 0,
        "SANE": 0,
        "VALID": 0,
        "total": 679
    },
    "percentage": {
        "ACTIVE": 99.85272459499264,
        "INACTIVE": 3.5714285714285716,
        "INVALID": 0,
        "MALICIOUS": 0,
        "SANE": 0,
        "VALID": 0,
        "total": 103.4241531664212
    }
}