{
    "counter": {
        "ACTIVE": 91,
        "INACTIVE": 6,
        "INVALID": 231,
        "MALICIOUS": 0,
        "SANE": 0,
        "VALID": 0,
        "total": 328
    },
    "percentage": {
        "ACTIVE": 28.0,
        "INACTIVE": 4.878048780487805,
        "INVALID": 70.42682926829268,
        "MALICIOUS": 0,
        "SANE": 0,
        "VALID": 0,
        "total": 103.30487804878048
    }
}