{
    "counter": {
        "ACTIVE": 69,
        "INACTIVE": 6,
        "INVALID": 190,
        "MALICIOUS": 0,
        "SANE": 0,
        "VALID": 0,
        "total": 265
    },
    "percentage": {
        "ACTIVE": 27.38095238095238,
        "INACTIVE": 4.878048780487805,
        "INVALID": 71.69811320754717,
        "MALICIOUS": 0,
        "SANE": 0,
        "VALID": 0,
        "total": 103.95711436898735
    }
}