{
    "counter": {
        "ACTIVE": 44393,
        "INACTIVE": 0,
        "INVALID": 15,
        "MALICIOUS": 0,
        "SANE": 0,
        "VALID": 0,
        "total": 44408
    },
    "percentage": {
        "ACTIVE": 99.96622230228787,
        "INACTIVE": 0,
        "INVALID": 0.03540909305509655,
        "MALICIOUS": 0,
        "SANE": 0,
        "VALID": 0,
        "total": 100.00163139534297
    }
}