{
    "counter": {
        "ACTIVE": 684,
        "INACTIVE": 1,
        "INVALID": 0,
        "MALICIOUS": 0,
        "SANE": 0,
        "VALID": 0,
        "total": 685
    },
    "percentage": {
        "ACTIVE": 99.85401459854015,
        "INACTIVE": 0.45248868778280543,
        "INVALID": 0,
        "MALICIOUS": 0,
        "SANE": 0,
        "VALID": 0,
        "total": 100.30650328632295
    }
}