{
    "counter": {
        "ACTIVE": 691,
        "INACTIVE": 9,
        "INVALID": 0,
        "MALICIOUS": 0,
        "SANE": 0,
        "VALID": 0,
        "total": 700
    },
    "percentage": {
        "ACTIVE": 98.71428571428571,
        "INACTIVE": 1.3392857142857142,
        "INVALID": 0,
        "MALICIOUS": 0,
        "SANE": 0,
        "VALID": 0,
        "total": 100.05357142857142
    }
}