{
    "counter": {
        "ACTIVE": 684,
        "INACTIVE": 11,
        "INVALID": 0,
        "MALICIOUS": 0,
        "SANE": 0,
        "VALID": 0,
        "total": 695
    },
    "percentage": {
        "ACTIVE": 98.41726618705036,
        "INACTIVE": 1.6491754122938531,
        "INVALID": 0,
        "MALICIOUS": 0,
        "SANE": 0,
        "VALID": 0,
        "total": 100.06644159934422
    }
}