{
    "counter": {
        "ACTIVE": 1,
        "INACTIVE": 6,
        "INVALID": 142,
        "MALICIOUS": 0,
        "SANE": 0,
        "VALID": 0,
        "total": 149
    },
    "percentage": {
        "ACTIVE": 0.7633587786259542,
        "INACTIVE": 4.878048780487805,
        "INVALID": 95.30201342281879,
        "MALICIOUS": 0,
        "SANE": 0,
        "VALID": 0,
        "total": 100.94342098193255
    }
}