{
    "counter": {
        "ACTIVE": 45128,
        "INACTIVE": 3,
        "INVALID": 49,
        "MALICIOUS": 0,
        "SANE": 0,
        "VALID": 0,
        "total": 45180
    },
    "percentage": {
        "ACTIVE": 99.88490482514386,
        "INACTIVE": 0.006647021026743181,
        "INVALID": 0.10849108823203808,
        "MALICIOUS": 0,
        "SANE": 0,
        "VALID": 0,
        "total": 100.00004293440264
    }
}