{
    "counter": {
        "Ascio Technologies, Inc. Danmark - Filial af Ascio technologies, Inc. USA": 1,
        "Chengdu West Dimension Digital Technology Co., LTD": 1,
        "Dynadot LLC": 2,
        "Dynadot16 LLC": 1,
        "GoDaddy.com, LLC": 1,
        "Key-Systems GmbH": 2,
        "Key-Systems LLC": 1,
        "NameCheap, Inc.": 3,
        "NameSilo, LLC": 1,
        "NetArt Registrar Sp. z o.o.": 1,
        "Network Solutions, LLC": 1,
        "OVH": 3,
        "OVH sas": 2,
        "PDR Ltd. d/b/a PublicDomainRegistry.com": 3,
        "Reliable Software, Ltd": 1,
        "Tucows": 1,
        "Vautron Rechenzentrum AG": 1,
        "total": 26
    },
    "percentage": {
        "Ascio Technologies, Inc. Danmark - Filial af Ascio technologies, Inc. USA": 3.8461538461538463,
        "Chengdu West Dimension Digital Technology Co., LTD": 3.8461538461538463,
        "Dynadot LLC": 7.6923076923076925,
        "Dynadot16 LLC": 3.8461538461538463,
        "GoDaddy.com, LLC": 3.8461538461538463,
        "Key-Systems GmbH": 7.6923076923076925,
        "Key-Systems LLC": 3.8461538461538463,
        "NameCheap, Inc.": 11.538461538461538,
        "NameSilo, LLC": 3.8461538461538463,
        "NetArt Registrar Sp. z o.o.": 3.8461538461538463,
        "Network Solutions, LLC": 3.8461538461538463,
        "OVH": 11.538461538461538,
        "OVH sas": 7.6923076923076925,
        "PDR Ltd. d/b/a PublicDomainRegistry.com": 11.538461538461538,
        "Reliable Software, Ltd": 3.8461538461538463,
        "Tucows": 3.8461538461538463,
        "Vautron Rechenzentrum AG": 3.8461538461538463,
        "total": 99.99999999999997
    }
}