{
    "counter": {
        "007Names, Inc.": 1,
        "1API GmbH": 1,
        "GoDaddy.com, LLC": 5,
        "IONOS SE": 1,
        "Key-Systems GmbH": 19,
        "MarkMonitor Inc.": 1,
        "NameSilo, LLC": 2,
        "NetArt Registrar Sp. z o.o.": 11,
        "OVH": 6,
        "OVH SAS": 2,
        "OVH sas": 5,
        "PDR Ltd. d/b/a PublicDomainRegistry.com": 6,
        "Sav.com LLC": 1,
        "UAB \"Interneto vizija\"": 5,
        "eNom, LLC": 2,
        "total": 68
    },
    "percentage": {
        "007Names, Inc.": 1.4705882352941178,
        "1API GmbH": 1.4705882352941178,
        "GoDaddy.com, LLC": 7.352941176470588,
        "IONOS SE": 1.4705882352941178,
        "Key-Systems GmbH": 27.941176470588236,
        "MarkMonitor Inc.": 1.4705882352941178,
        "NameSilo, LLC": 2.9411764705882355,
        "NetArt Registrar Sp. z o.o.": 16.176470588235293,
        "OVH": 8.823529411764707,
        "OVH SAS": 2.9411764705882355,
        "OVH sas": 7.352941176470588,
        "PDR Ltd. d/b/a PublicDomainRegistry.com": 8.823529411764707,
        "Sav.com LLC": 1.4705882352941178,
        "UAB \"Interneto vizija\"": 7.352941176470588,
        "eNom, LLC": 2.9411764705882355,
        "total": 100.0
    }
}