{
    "counter": {
        "Ascio Technologies, Inc. Danmark - Filial af Ascio technologies, Inc. USA": 1,
        "Chengdu West Dimension Digital Technology Co., LTD": 1,
        "Dynadot LLC": 2,
        "Dynadot16 LLC": 1,
        "Gabia, Inc.": 1,
        "GoDaddy.com, LLC": 6,
        "Inames Co., Ltd.": 1,
        "Key-Systems GmbH": 2,
        "Key-Systems LLC": 1,
        "Name Thread, LLC": 1,
        "NameCheap, Inc.": 4,
        "NameSilo, LLC": 1,
        "NetArt Registrar Sp. z o.o.": 1,
        "Network Solutions, LLC": 1,
        "OVH": 3,
        "OVH sas": 3,
        "PDR Ltd. d/b/a PublicDomainRegistry.com": 4,
        "Reliable Software, Ltd": 1,
        "SNAPNAMES 73, LLC": 1,
        "Tucows": 1,
        "URL Solutions, Inc.": 1,
        "Vautron Rechenzentrum AG": 1,
        "total": 39
    },
    "percentage": {
        "Ascio Technologies, Inc. Danmark - Filial af Ascio technologies, Inc. USA": 2.5641025641025643,
        "Chengdu West Dimension Digital Technology Co., LTD": 2.5641025641025643,
        "Dynadot LLC": 5.128205128205129,
        "Dynadot16 LLC": 2.5641025641025643,
        "Gabia, Inc.": 2.5641025641025643,
        "GoDaddy.com, LLC": 15.384615384615385,
        "Inames Co., Ltd.": 2.5641025641025643,
        "Key-Systems GmbH": 5.128205128205129,
        "Key-Systems LLC": 2.5641025641025643,
        "Name Thread, LLC": 2.5641025641025643,
        "NameCheap, Inc.": 10.256410256410257,
        "NameSilo, LLC": 2.5641025641025643,
        "NetArt Registrar Sp. z o.o.": 2.5641025641025643,
        "Network Solutions, LLC": 2.5641025641025643,
        "OVH": 7.6923076923076925,
        "OVH sas": 7.6923076923076925,
        "PDR Ltd. d/b/a PublicDomainRegistry.com": 10.256410256410257,
        "Reliable Software, Ltd": 2.5641025641025643,
        "SNAPNAMES 73, LLC": 2.5641025641025643,
        "Tucows": 2.5641025641025643,
        "URL Solutions, Inc.": 2.5641025641025643,
        "Vautron Rechenzentrum AG": 2.5641025641025643,
        "total": 100.00000000000003
    }
}