{
    "counter": {
        "007Names, Inc.": 1,
        "1API GmbH": 1,
        "Ascio Technologies, Inc. Danmark - Filial af Ascio technologies, Inc. USA": 1,
        "Dynadot LLC": 1,
        "Dynadot16 LLC": 1,
        "GoDaddy.com, LLC": 6,
        "IONOS SE": 1,
        "Key-Systems GmbH": 22,
        "Key-Systems LLC": 1,
        "MarkMonitor Inc.": 3,
        "NameCheap, Inc.": 1,
        "NameSilo, LLC": 2,
        "NetArt Registrar Sp. z o.o.": 12,
        "Network Solutions, LLC": 1,
        "OVH": 8,
        "OVH SAS": 2,
        "OVH sas": 7,
        "PDR Ltd. d/b/a PublicDomainRegistry.com": 8,
        "Reliable Software, Ltd": 1,
        "Sav.com LLC": 1,
        "Tucows": 1,
        "UAB \"Interneto vizija\"": 5,
        "Vautron Rechenzentrum AG": 1,
        "eNom, LLC": 2,
        "total": 90
    },
    "percentage": {
        "007Names, Inc.": 1.1111111111111112,
        "1API GmbH": 1.1111111111111112,
        "Ascio Technologies, Inc. Danmark - Filial af Ascio technologies, Inc. USA": 1.1111111111111112,
        "Dynadot LLC": 1.1111111111111112,
        "Dynadot16 LLC": 1.1111111111111112,
        "GoDaddy.com, LLC": 6.666666666666667,
        "IONOS SE": 1.1111111111111112,
        "Key-Systems GmbH": 24.444444444444443,
        "Key-Systems LLC": 1.1111111111111112,
        "MarkMonitor Inc.": 3.3333333333333335,
        "NameCheap, Inc.": 1.1111111111111112,
        "NameSilo, LLC": 2.2222222222222223,
        "NetArt Registrar Sp. z o.o.": 13.333333333333334,
        "Network Solutions, LLC": 1.1111111111111112,
        "OVH": 8.88888888888889,
        "OVH SAS": 2.2222222222222223,
        "OVH sas": 7.777777777777778,
        "PDR Ltd. d/b/a PublicDomainRegistry.com": 8.88888888888889,
        "Reliable Software, Ltd": 1.1111111111111112,
        "Sav.com LLC": 1.1111111111111112,
        "Tucows": 1.1111111111111112,
        "UAB \"Interneto vizija\"": 5.555555555555555,
        "Vautron Rechenzentrum AG": 1.1111111111111112,
        "eNom, LLC": 2.2222222222222223,
        "total": 100.00000000000003
    }
}