{
    "counter": {
        "Chengdu West Dimension Digital Technology Co., LTD": 2,
        "Dynadot16 LLC": 2,
        "GoDaddy.com, LLC": 4,
        "Sav.com, LLC": 2,
        "URL Solutions, Inc.": 2,
        "total": 12
    },
    "percentage": {
        "Chengdu West Dimension Digital Technology Co., LTD": 16.666666666666668,
        "Dynadot16 LLC": 16.666666666666668,
        "GoDaddy.com, LLC": 33.333333333333336,
        "Sav.com, LLC": 16.666666666666668,
        "URL Solutions, Inc.": 16.666666666666668,
        "total": 100.00000000000001
    }
}