{
    "counter": {
        "007Names, Inc.": 1,
        "1API GmbH": 1,
        "BB-Online UK Limited": 1,
        "GoDaddy.com, LLC": 5,
        "IONOS SE": 1,
        "Instra Corporation Pty Ltd": 2,
        "Key-Systems GmbH": 20,
        "MarkMonitor Inc.": 1,
        "NameSilo, LLC": 2,
        "NetArt Registrar Sp. z o.o.": 13,
        "OVH": 5,
        "OVH SAS": 2,
        "OVH sas": 6,
        "PDR Ltd. d/b/a PublicDomainRegistry.com": 6,
        "Sav.com LLC": 1,
        "UAB \"Interneto vizija\"": 5,
        "eNom, LLC": 2,
        "total": 74
    },
    "percentage": {
        "007Names, Inc.": 1.3513513513513513,
        "1API GmbH": 1.3513513513513513,
        "BB-Online UK Limited": 1.3513513513513513,
        "GoDaddy.com, LLC": 6.756756756756757,
        "IONOS SE": 1.3513513513513513,
        "Instra Corporation Pty Ltd": 2.7027027027027026,
        "Key-Systems GmbH": 27.027027027027028,
        "MarkMonitor Inc.": 1.3513513513513513,
        "NameSilo, LLC": 2.7027027027027026,
        "NetArt Registrar Sp. z o.o.": 17.56756756756757,
        "OVH": 6.756756756756757,
        "OVH SAS": 2.7027027027027026,
        "OVH sas": 8.108108108108109,
        "PDR Ltd. d/b/a PublicDomainRegistry.com": 8.108108108108109,
        "Sav.com LLC": 1.3513513513513513,
        "UAB \"Interneto vizija\"": 6.756756756756757,
        "eNom, LLC": 2.7027027027027026,
        "total": 100.00000000000003
    }
}