{
    "counter": {
        "007Names, Inc.": 1,
        "101domain GRS Limited": 1,
        "1API GmbH": 2,
        "Ascio Technologies, Inc. Danmark - Filial af Ascio technologies, Inc. USA": 2,
        "BB-Online UK Limited": 1,
        "CloudFlare, Inc.": 2,
        "GoDaddy.com, LLC": 6,
        "IONOS SE": 1,
        "Instra Corporation Pty Ltd": 4,
        "Key-Systems GmbH": 29,
        "Key-Systems, LLC": 1,
        "MarkMonitor Inc.": 1,
        "Name.com, Inc.": 1,
        "NameCheap, Inc.": 1,
        "NameSilo, LLC": 2,
        "Names On The Drop LLC": 3,
        "NetArt Registrar Sp. z o.o.": 22,
        "Network Solutions, LLC": 2,
        "OVH": 8,
        "OVH SAS": 9,
        "OVH sas": 6,
        "PDR Ltd. d/b/a PublicDomainRegistry.com": 11,
        "Sav.com LLC": 1,
        "TLD Registrar Solutions Ltd.": 1,
        "Tucows": 1,
        "Tucows Domains Inc.": 1,
        "UAB \"BALTNETOS KOMUNIKACIJOS\"": 1,
        "UAB \"Interneto vizija\"": 5,
        "eNom, Inc.": 1,
        "eNom, LLC": 7,
        "total": 134
    },
    "percentage": {
        "007Names, Inc.": 0.746268656716418,
        "101domain GRS Limited": 0.746268656716418,
        "1API GmbH": 1.492537313432836,
        "Ascio Technologies, Inc. Danmark - Filial af Ascio technologies, Inc. USA": 1.492537313432836,
        "BB-Online UK Limited": 0.746268656716418,
        "CloudFlare, Inc.": 1.492537313432836,
        "GoDaddy.com, LLC": 4.477611940298507,
        "IONOS SE": 0.746268656716418,
        "Instra Corporation Pty Ltd": 2.985074626865672,
        "Key-Systems GmbH": 21.64179104477612,
        "Key-Systems, LLC": 0.746268656716418,
        "MarkMonitor Inc.": 0.746268656716418,
        "Name.com, Inc.": 0.746268656716418,
        "NameCheap, Inc.": 0.746268656716418,
        "NameSilo, LLC": 1.492537313432836,
        "Names On The Drop LLC": 2.2388059701492535,
        "NetArt Registrar Sp. z o.o.": 16.417910447761194,
        "Network Solutions, LLC": 1.492537313432836,
        "OVH": 5.970149253731344,
        "OVH SAS": 6.7164179104477615,
        "OVH sas": 4.477611940298507,
        "PDR Ltd. d/b/a PublicDomainRegistry.com": 8.208955223880597,
        "Sav.com LLC": 0.746268656716418,
        "TLD Registrar Solutions Ltd.": 0.746268656716418,
        "Tucows": 0.746268656716418,
        "Tucows Domains Inc.": 0.746268656716418,
        "UAB \"BALTNETOS KOMUNIKACIJOS\"": 0.746268656716418,
        "UAB \"Interneto vizija\"": 3.7313432835820897,
        "eNom, Inc.": 0.746268656716418,
        "eNom, LLC": 5.223880597014926,
        "total": 100.00000000000003
    }
}