{
    "counter": {
        "Ascio Technologies, Inc. Danmark - Filial af Ascio technologies, Inc. USA": 2,
        "Chengdu West Dimension Digital Technology Co., LTD": 2,
        "Dynadot LLC": 4,
        "Gabia, Inc.": 2,
        "GoDaddy.com, LLC": 8,
        "Inames Co., Ltd.": 2,
        "Key-Systems GmbH": 4,
        "Key-Systems LLC": 2,
        "MarkMonitor Inc.": 4,
        "NameCheap, Inc.": 8,
        "NameSilo, LLC": 2,
        "Namecheap Inc.": 2,
        "NetArt Registrar Sp. z o.o.": 2,
        "Network Solutions, LLC": 2,
        "OVH": 6,
        "OVH sas": 6,
        "PDR Ltd. d/b/a PublicDomainRegistry.com": 8,
        "Reliable Software, Ltd": 2,
        "SNAPNAMES 73, LLC": 2,
        "Sav.com, LLC": 2,
        "Tucows": 2,
        "URL Solutions, Inc.": 2,
        "Vautron Rechenzentrum AG": 2,
        "total": 78
    },
    "percentage": {
        "Ascio Technologies, Inc. Danmark - Filial af Ascio technologies, Inc. USA": 2.5641025641025643,
        "Chengdu West Dimension Digital Technology Co., LTD": 2.5641025641025643,
        "Dynadot LLC": 5.128205128205129,
        "Gabia, Inc.": 2.5641025641025643,
        "GoDaddy.com, LLC": 10.256410256410257,
        "Inames Co., Ltd.": 2.5641025641025643,
        "Key-Systems GmbH": 5.128205128205129,
        "Key-Systems LLC": 2.5641025641025643,
        "MarkMonitor Inc.": 5.128205128205129,
        "NameCheap, Inc.": 10.256410256410257,
        "NameSilo, LLC": 2.5641025641025643,
        "Namecheap Inc.": 2.5641025641025643,
        "NetArt Registrar Sp. z o.o.": 2.5641025641025643,
        "Network Solutions, LLC": 2.5641025641025643,
        "OVH": 7.6923076923076925,
        "OVH sas": 7.6923076923076925,
        "PDR Ltd. d/b/a PublicDomainRegistry.com": 10.256410256410257,
        "Reliable Software, Ltd": 2.5641025641025643,
        "SNAPNAMES 73, LLC": 2.5641025641025643,
        "Sav.com, LLC": 2.5641025641025643,
        "Tucows": 2.5641025641025643,
        "URL Solutions, Inc.": 2.5641025641025643,
        "Vautron Rechenzentrum AG": 2.5641025641025643,
        "total": 100.00000000000003
    }
}