{
    "counter": {
        "007Names, Inc.": 1,
        "101domain GRS Limited": 1,
        "1API GmbH": 2,
        "Ascio Technologies, Inc. Danmark - Filial af Ascio technologies, Inc. USA": 2,
        "BB-Online UK Limited": 1,
        "GoDaddy.com, LLC": 6,
        "IONOS SE": 1,
        "Instra Corporation Pty Ltd": 4,
        "Key-Systems GmbH": 26,
        "Key-Systems, LLC": 1,
        "MarkMonitor Inc.": 1,
        "Name.com, Inc.": 1,
        "NameSilo, LLC": 2,
        "Names On The Drop LLC": 3,
        "NetArt Registrar Sp. z o.o.": 22,
        "Network Solutions, LLC": 2,
        "OVH": 8,
        "OVH SAS": 8,
        "OVH sas": 6,
        "PDR Ltd. d/b/a PublicDomainRegistry.com": 9,
        "Sav.com LLC": 1,
        "TLD Registrar Solutions Ltd.": 1,
        "Tucows": 1,
        "Tucows Domains Inc.": 1,
        "UAB \"BALTNETOS KOMUNIKACIJOS\"": 1,
        "UAB \"Interneto vizija\"": 5,
        "eNom, Inc.": 1,
        "eNom, LLC": 3,
        "total": 121
    },
    "percentage": {
        "007Names, Inc.": 0.8264462809917356,
        "101domain GRS Limited": 0.8264462809917356,
        "1API GmbH": 1.6528925619834711,
        "Ascio Technologies, Inc. Danmark - Filial af Ascio technologies, Inc. USA": 1.6528925619834711,
        "BB-Online UK Limited": 0.8264462809917356,
        "GoDaddy.com, LLC": 4.958677685950414,
        "IONOS SE": 0.8264462809917356,
        "Instra Corporation Pty Ltd": 3.3057851239669422,
        "Key-Systems GmbH": 21.487603305785125,
        "Key-Systems, LLC": 0.8264462809917356,
        "MarkMonitor Inc.": 0.8264462809917356,
        "Name.com, Inc.": 0.8264462809917356,
        "NameSilo, LLC": 1.6528925619834711,
        "Names On The Drop LLC": 2.479338842975207,
        "NetArt Registrar Sp. z o.o.": 18.181818181818183,
        "Network Solutions, LLC": 1.6528925619834711,
        "OVH": 6.6115702479338845,
        "OVH SAS": 6.6115702479338845,
        "OVH sas": 4.958677685950414,
        "PDR Ltd. d/b/a PublicDomainRegistry.com": 7.43801652892562,
        "Sav.com LLC": 0.8264462809917356,
        "TLD Registrar Solutions Ltd.": 0.8264462809917356,
        "Tucows": 0.8264462809917356,
        "Tucows Domains Inc.": 0.8264462809917356,
        "UAB \"BALTNETOS KOMUNIKACIJOS\"": 0.8264462809917356,
        "UAB \"Interneto vizija\"": 4.132231404958677,
        "eNom, Inc.": 0.8264462809917356,
        "eNom, LLC": 2.479338842975207,
        "total": 100.0
    }
}